,date,cnt,number,bonus_number
0,(2002년 12월 07일 추첨),1,"
10
23
29
33
37
40
",16
1,(2002년 12월 14일 추첨),2,"
9
13
21
25
32
42
",2
2,(2002년 12월 21일 추첨),3,"
11
16
19
21
27
31
",30
3,(2002년 12월 28일 추첨),4,"
14
27
30
31
40
42
",2
4,(2003년 01월 04일 추첨),5,"
16
24
29
40
41
42
",3
5,(2003년 01월 11일 추첨),6,"
14
15
26
27
40
42
",34
6,(2003년 01월 18일 추첨),7,"
2
9
16
25
26
40
",42
7,(2003년 01월 25일 추첨),8,"
8
19
25
34
37
39
",9
8,(2003년 02월 01일 추첨),9,"
2
4
16
17
36
39
",14
9,(2003년 02월 08일 추첨),10,"
9
25
30
33
41
44
",6
10,(2003년 02월 15일 추첨),11,"
1
7
36
37
41
42
",14
11,(2003년 02월 22일 추첨),12,"
2
11
21
25
39
45
",44
12,(2003년 03월 01일 추첨),13,"
22
23
25
37
38
42
",26
13,(2003년 03월 08일 추첨),14,"
2
6
12
31
33
40
",15
14,(2003년 03월 15일 추첨),15,"
3
4
16
30
31
37
",13
15,(2003년 03월 22일 추첨),16,"
6
7
24
37
38
40
",33
16,(2003년 03월 29일 추첨),17,"
3
4
9
17
32
37
",1
17,(2003년 04월 05일 추첨),18,"
3
12
13
19
32
35
",29
18,(2003년 04월 12일 추첨),19,"
6
30
38
39
40
43
",26
19,(2003년 04월 19일 추첨),20,"
10
14
18
20
23
30
",41
20,(2003년 04월 26일 추첨),21,"
6
12
17
18
31
32
",21
21,(2003년 05월 03일 추첨),22,"
4
5
6
8
17
39
",25
22,(2003년 05월 10일 추첨),23,"
5
13
17
18
33
42
",44
23,(2003년 05월 17일 추첨),24,"
7
8
27
29
36
43
",6
24,(2003년 05월 24일 추첨),25,"
2
4
21
26
43
44
",16
25,(2003년 05월 31일 추첨),26,"
4
5
7
18
20
25
",31
26,(2003년 06월 07일 추첨),27,"
1
20
26
28
37
43
",27
27,(2003년 06월 14일 추첨),28,"
9
18
23
25
35
37
",1
28,(2003년 06월 21일 추첨),29,"
1
5
13
34
39
40
",11
29,(2003년 06월 28일 추첨),30,"
8
17
20
35
36
44
",4
30,(2003년 07월 05일 추첨),31,"
7
9
18
23
28
35
",32
31,(2003년 07월 12일 추첨),32,"
6
14
19
25
34
44
",11
32,(2003년 07월 19일 추첨),33,"
4
7
32
33
40
41
",9
33,(2003년 07월 26일 추첨),34,"
9
26
35
37
40
42
",2
34,(2003년 08월 02일 추첨),35,"
2
3
11
26
37
43
",39
35,(2003년 08월 09일 추첨),36,"
1
10
23
26
28
40
",31
36,(2003년 08월 16일 추첨),37,"
7
27
30
33
35
37
",42
37,(2003년 08월 23일 추첨),38,"
16
17
22
30
37
43
",36
38,(2003년 08월 30일 추첨),39,"
6
7
13
15
21
43
",8
39,(2003년 09월 06일 추첨),40,"
7
13
18
19
25
26
",6
40,(2003년 09월 13일 추첨),41,"
13
20
23
35
38
43
",34
41,(2003년 09월 20일 추첨),42,"
17
18
19
21
23
32
",1
42,(2003년 09월 27일 추첨),43,"
6
31
35
38
39
44
",1
43,(2003년 10월 04일 추첨),44,"
3
11
21
30
38
45
",39
44,(2003년 10월 11일 추첨),45,"
1
10
20
27
33
35
",17
45,(2003년 10월 18일 추첨),46,"
8
13
15
23
31
38
",39
46,(2003년 10월 25일 추첨),47,"
14
17
26
31
36
45
",27
47,(2003년 11월 01일 추첨),48,"
6
10
18
26
37
38
",3
48,(2003년 11월 08일 추첨),49,"
4
7
16
19
33
40
",30
49,(2003년 11월 15일 추첨),50,"
2
10
12
15
22
44
",1
50,(2003년 11월 22일 추첨),51,"
2
3
11
16
26
44
",35
51,(2003년 11월 29일 추첨),52,"
2
4
15
16
20
29
",1
52,(2003년 12월 06일 추첨),53,"
7
8
14
32
33
39
",42
53,(2003년 12월 13일 추첨),54,"
1
8
21
27
36
39
",37
54,(2003년 12월 20일 추첨),55,"
17
21
31
37
40
44
",7
55,(2003년 12월 27일 추첨),56,"
10
14
30
31
33
37
",19
56,(2004년 01월 03일 추첨),57,"
7
10
16
25
29
44
",6
57,(2004년 01월 10일 추첨),58,"
10
24
25
33
40
44
",1
58,(2004년 01월 17일 추첨),59,"
6
29
36
39
41
45
",13
59,(2004년 01월 24일 추첨),60,"
2
8
25
36
39
42
",11
60,(2004년 01월 31일 추첨),61,"
14
15
19
30
38
43
",8
61,(2004년 02월 07일 추첨),62,"
3
8
15
27
29
35
",21
62,(2004년 02월 14일 추첨),63,"
3
20
23
36
38
40
",5
63,(2004년 02월 21일 추첨),64,"
14
15
18
21
26
36
",39
64,(2004년 02월 28일 추첨),65,"
4
25
33
36
40
43
",39
65,(2004년 03월 06일 추첨),66,"
2
3
7
17
22
24
",45
66,(2004년 03월 13일 추첨),67,"
3
7
10
15
36
38
",33
67,(2004년 03월 20일 추첨),68,"
10
12
15
16
26
39
",38
68,(2004년 03월 27일 추첨),69,"
5
8
14
15
19
39
",35
69,(2004년 04월 03일 추첨),70,"
5
19
22
25
28
43
",26
70,(2004년 04월 10일 추첨),71,"
5
9
12
16
29
41
",21
71,(2004년 04월 17일 추첨),72,"
2
4
11
17
26
27
",1
72,(2004년 04월 24일 추첨),73,"
3
12
18
32
40
43
",38
73,(2004년 05월 01일 추첨),74,"
6
15
17
18
35
40
",23
74,(2004년 05월 08일 추첨),75,"
2
5
24
32
34
44
",28
75,(2004년 05월 15일 추첨),76,"
1
3
15
22
25
37
",43
76,(2004년 05월 22일 추첨),77,"
2
18
29
32
43
44
",37
77,(2004년 05월 29일 추첨),78,"
10
13
25
29
33
35
",38
78,(2004년 06월 05일 추첨),79,"
3
12
24
27
30
32
",14
79,(2004년 06월 12일 추첨),80,"
17
18
24
25
26
30
",1
80,(2004년 06월 19일 추첨),81,"
5
7
11
13
20
33
",6
81,(2004년 06월 26일 추첨),82,"
1
2
3
14
27
42
",39
82,(2004년 07월 03일 추첨),83,"
6
10
15
17
19
34
",14
83,(2004년 07월 10일 추첨),84,"
16
23
27
34
42
45
",11
84,(2004년 07월 17일 추첨),85,"
6
8
13
23
31
36
",21
85,(2004년 07월 24일 추첨),86,"
2
12
37
39
41
45
",33
86,(2004년 07월 31일 추첨),87,"
4
12
16
23
34
43
",26
87,(2004년 08월 07일 추첨),88,"
1
17
20
24
30
41
",27
88,(2004년 08월 14일 추첨),89,"
4
26
28
29
33
40
",37
89,(2004년 08월 21일 추첨),90,"
17
20
29
35
38
44
",10
90,(2004년 08월 28일 추첨),91,"
1
21
24
26
29
42
",27
91,(2004년 09월 04일 추첨),92,"
3
14
24
33
35
36
",17
92,(2004년 09월 11일 추첨),93,"
6
22
24
36
38
44
",19
93,(2004년 09월 18일 추첨),94,"
5
32
34
40
41
45
",6
94,(2004년 09월 25일 추첨),95,"
8
17
27
31
34
43
",14
95,(2004년 10월 02일 추첨),96,"
1
3
8
21
22
31
",20
96,(2004년 10월 09일 추첨),97,"
6
7
14
15
20
36
",3
97,(2004년 10월 16일 추첨),98,"
6
9
16
23
24
32
",43
98,(2004년 10월 23일 추첨),99,"
1
3
10
27
29
37
",11
99,(2004년 10월 30일 추첨),100,"
1
7
11
23
37
42
",6
100,(2004년 11월 06일 추첨),101,"
1
3
17
32
35
45
",8
101,(2004년 11월 13일 추첨),102,"
17
22
24
26
35
40
",42
102,(2004년 11월 20일 추첨),103,"
5
14
15
27
30
45
",10
103,(2004년 11월 27일 추첨),104,"
17
32
33
34
42
44
",35
104,(2004년 12월 04일 추첨),105,"
8
10
20
34
41
45
",28
105,(2004년 12월 11일 추첨),106,"
4
10
12
22
24
33
",29
106,(2004년 12월 18일 추첨),107,"
1
4
5
6
9
31
",17
107,(2004년 12월 25일 추첨),108,"
7
18
22
23
29
44
",12
108,(2005년 01월 01일 추첨),109,"
1
5
34
36
42
44
",33
109,(2005년 01월 08일 추첨),110,"
7
20
22
23
29
43
",1
110,(2005년 01월 15일 추첨),111,"
7
18
31
33
36
40
",27
111,(2005년 01월 22일 추첨),112,"
26
29
30
33
41
42
",43
112,(2005년 01월 29일 추첨),113,"
4
9
28
33
36
45
",26
113,(2005년 02월 05일 추첨),114,"
11
14
19
26
28
41
",2
114,(2005년 02월 12일 추첨),115,"
1
2
6
9
25
28
",31
115,(2005년 02월 19일 추첨),116,"
2
4
25
31
34
37
",17
116,(2005년 02월 26일 추첨),117,"
5
10
22
34
36
44
",35
117,(2005년 03월 05일 추첨),118,"
3
4
10
17
19
22
",38
118,(2005년 03월 12일 추첨),119,"
3
11
13
14
17
21
",38
119,(2005년 03월 19일 추첨),120,"
4
6
10
11
32
37
",30
120,(2005년 03월 26일 추첨),121,"
12
28
30
34
38
43
",9
121,(2005년 04월 02일 추첨),122,"
1
11
16
17
36
40
",8
122,(2005년 04월 09일 추첨),123,"
7
17
18
28
30
45
",27
123,(2005년 04월 16일 추첨),124,"
4
16
23
25
29
42
",1
124,(2005년 04월 23일 추첨),125,"
2
8
32
33
35
36
",18
125,(2005년 04월 30일 추첨),126,"
7
20
22
27
40
43
",1
126,(2005년 05월 07일 추첨),127,"
3
5
10
29
32
43
",35
127,(2005년 05월 14일 추첨),128,"
12
30
34
36
37
45
",39
128,(2005년 05월 21일 추첨),129,"
19
23
25
28
38
42
",17
129,(2005년 05월 28일 추첨),130,"
7
19
24
27
42
45
",31
130,(2005년 06월 04일 추첨),131,"
8
10
11
14
15
21
",37
131,(2005년 06월 11일 추첨),132,"
3
17
23
34
41
45
",43
132,(2005년 06월 18일 추첨),133,"
4
7
15
18
23
26
",13
133,(2005년 06월 25일 추첨),134,"
3
12
20
23
31
35
",43
134,(2005년 07월 02일 추첨),135,"
6
14
22
28
35
39
",16
135,(2005년 07월 09일 추첨),136,"
2
16
30
36
41
42
",11
136,(2005년 07월 16일 추첨),137,"
7
9
20
25
36
39
",15
137,(2005년 07월 23일 추첨),138,"
10
11
27
28
37
39
",19
138,(2005년 07월 30일 추첨),139,"
9
11
15
20
28
43
",13
139,(2005년 08월 06일 추첨),140,"
3
13
17
18
19
28
",8
140,(2005년 08월 13일 추첨),141,"
8
12
29
31
42
43
",2
141,(2005년 08월 20일 추첨),142,"
12
16
30
34
40
44
",19
142,(2005년 08월 27일 추첨),143,"
26
27
28
42
43
45
",8
143,(2005년 09월 03일 추첨),144,"
4
15
17
26
36
37
",43
144,(2005년 09월 10일 추첨),145,"
2
3
13
20
27
44
",9
145,(2005년 09월 17일 추첨),146,"
2
19
27
35
41
42
",25
146,(2005년 09월 24일 추첨),147,"
4
6
13
21
40
42
",36
147,(2005년 10월 01일 추첨),148,"
21
25
33
34
35
36
",17
148,(2005년 10월 08일 추첨),149,"
2
11
21
34
41
42
",27
149,(2005년 10월 15일 추첨),150,"
2
18
25
28
37
39
",16
150,(2005년 10월 22일 추첨),151,"
1
2
10
13
18
19
",15
151,(2005년 10월 29일 추첨),152,"
1
5
13
26
29
34
",43
152,(2005년 11월 05일 추첨),153,"
3
8
11
12
13
36
",33
153,(2005년 11월 12일 추첨),154,"
6
19
21
35
40
45
",20
154,(2005년 11월 19일 추첨),155,"
16
19
20
32
33
41
",4
155,(2005년 11월 26일 추첨),156,"
5
18
28
30
42
45
",2
156,(2005년 12월 03일 추첨),157,"
19
26
30
33
35
39
",37
157,(2005년 12월 10일 추첨),158,"
4
9
13
18
21
34
",7
158,(2005년 12월 17일 추첨),159,"
1
18
30
41
42
43
",32
159,(2005년 12월 24일 추첨),160,"
3
7
8
34
39
41
",1
160,(2005년 12월 31일 추첨),161,"
22
34
36
40
42
45
",44
161,(2006년 01월 07일 추첨),162,"
1
5
21
25
38
41
",24
162,(2006년 01월 14일 추첨),163,"
7
11
26
28
29
44
",16
163,(2006년 01월 21일 추첨),164,"
6
9
10
11
39
41
",27
164,(2006년 01월 28일 추첨),165,"
5
13
18
19
22
42
",31
165,(2006년 02월 04일 추첨),166,"
9
12
27
36
39
45
",14
166,(2006년 02월 11일 추첨),167,"
24
27
28
30
36
39
",4
167,(2006년 02월 18일 추첨),168,"
3
10
31
40
42
43
",30
168,(2006년 02월 25일 추첨),169,"
16
27
35
37
43
45
",19
169,(2006년 03월 04일 추첨),170,"
2
11
13
15
31
42
",10
170,(2006년 03월 11일 추첨),171,"
4
16
25
29
34
35
",1
171,(2006년 03월 18일 추첨),172,"
4
19
21
24
26
41
",35
172,(2006년 03월 25일 추첨),173,"
3
9
24
30
33
34
",18
173,(2006년 04월 01일 추첨),174,"
13
14
18
22
35
39
",16
174,(2006년 04월 08일 추첨),175,"
19
26
28
31
33
36
",17
175,(2006년 04월 15일 추첨),176,"
4
17
30
32
33
34
",15
176,(2006년 04월 22일 추첨),177,"
1
10
13
16
37
43
",6
177,(2006년 04월 29일 추첨),178,"
1
5
11
12
18
23
",9
178,(2006년 05월 06일 추첨),179,"
5
9
17
25
39
43
",32
179,(2006년 05월 13일 추첨),180,"
2
15
20
21
29
34
",22
180,(2006년 05월 20일 추첨),181,"
14
21
23
32
40
45
",44
181,(2006년 05월 27일 추첨),182,"
13
15
27
29
34
40
",35
182,(2006년 06월 03일 추첨),183,"
2
18
24
34
40
42
",5
183,(2006년 06월 10일 추첨),184,"
1
2
6
16
20
33
",41
184,(2006년 06월 17일 추첨),185,"
1
2
4
8
19
38
",14
185,(2006년 06월 24일 추첨),186,"
4
10
14
19
21
45
",9
186,(2006년 07월 01일 추첨),187,"
1
2
8
18
29
38
",42
187,(2006년 07월 08일 추첨),188,"
19
24
27
30
31
34
",36
188,(2006년 07월 15일 추첨),189,"
8
14
32
35
37
45
",28
189,(2006년 07월 22일 추첨),190,"
8
14
18
30
31
44
",15
190,(2006년 07월 29일 추첨),191,"
5
6
24
25
32
37
",8
191,(2006년 08월 05일 추첨),192,"
4
8
11
18
37
45
",33
192,(2006년 08월 12일 추첨),193,"
6
14
18
26
36
39
",13
193,(2006년 08월 19일 추첨),194,"
15
20
23
26
39
44
",28
194,(2006년 08월 26일 추첨),195,"
7
10
19
22
35
40
",31
195,(2006년 09월 02일 추첨),196,"
35
36
37
41
44
45
",30
196,(2006년 09월 09일 추첨),197,"
7
12
16
34
42
45
",4
197,(2006년 09월 16일 추첨),198,"
12
19
20
25
41
45
",2
198,(2006년 09월 23일 추첨),199,"
14
21
22
25
30
36
",43
199,(2006년 09월 30일 추첨),200,"
5
6
13
14
17
20
",7
200,(2006년 10월 07일 추첨),201,"
3
11
24
38
39
44
",26
201,(2006년 10월 14일 추첨),202,"
12
14
27
33
39
44
",17
202,(2006년 10월 21일 추첨),203,"
1
3
11
24
30
32
",7
203,(2006년 10월 28일 추첨),204,"
3
12
14
35
40
45
",5
204,(2006년 11월 04일 추첨),205,"
1
3
21
29
35
37
",30
205,(2006년 11월 11일 추첨),206,"
1
2
3
15
20
25
",43
206,(2006년 11월 18일 추첨),207,"
3
11
14
31
32
37
",38
207,(2006년 11월 25일 추첨),208,"
14
25
31
34
40
44
",24
208,(2006년 12월 02일 추첨),209,"
2
7
18
20
24
33
",37
209,(2006년 12월 09일 추첨),210,"
10
19
22
23
25
37
",39
210,(2006년 12월 16일 추첨),211,"
12
13
17
20
33
41
",8
211,(2006년 12월 23일 추첨),212,"
11
12
18
21
31
38
",8
212,(2006년 12월 30일 추첨),213,"
2
3
4
5
20
24
",42
213,(2007년 01월 06일 추첨),214,"
5
7
20
25
28
37
",32
214,(2007년 01월 13일 추첨),215,"
2
3
7
15
43
44
",4
215,(2007년 01월 20일 추첨),216,"
7
16
17
33
36
40
",1
216,(2007년 01월 27일 추첨),217,"
16
20
27
33
35
39
",38
217,(2007년 02월 03일 추첨),218,"
1
8
14
18
29
44
",20
218,(2007년 02월 10일 추첨),219,"
4
11
20
26
35
37
",16
219,(2007년 02월 17일 추첨),220,"
5
11
19
21
34
43
",31
220,(2007년 02월 24일 추첨),221,"
2
20
33
35
37
40
",10
221,(2007년 03월 03일 추첨),222,"
5
7
28
29
39
43
",44
222,(2007년 03월 10일 추첨),223,"
1
3
18
20
26
27
",38
223,(2007년 03월 17일 추첨),224,"
4
19
26
27
30
42
",7
224,(2007년 03월 24일 추첨),225,"
5
11
13
19
31
36
",7
225,(2007년 03월 31일 추첨),226,"
2
6
8
14
21
22
",34
226,(2007년 04월 07일 추첨),227,"
4
5
15
16
22
42
",2
227,(2007년 04월 14일 추첨),228,"
17
25
35
36
39
44
",23
228,(2007년 04월 21일 추첨),229,"
4
5
9
11
23
38
",35
229,(2007년 04월 28일 추첨),230,"
5
11
14
29
32
33
",12
230,(2007년 05월 05일 추첨),231,"
5
10
19
31
44
45
",27
231,(2007년 05월 12일 추첨),232,"
8
9
10
12
24
44
",35
232,(2007년 05월 19일 추첨),233,"
4
6
13
17
28
40
",39
233,(2007년 05월 26일 추첨),234,"
13
21
22
24
26
37
",4
234,(2007년 06월 02일 추첨),235,"
21
22
26
27
31
37
",8
235,(2007년 06월 09일 추첨),236,"
1
4
8
13
37
39
",7
236,(2007년 06월 16일 추첨),237,"
1
11
17
21
24
44
",33
237,(2007년 06월 23일 추첨),238,"
2
4
15
28
31
34
",35
238,(2007년 06월 30일 추첨),239,"
11
15
24
39
41
44
",7
239,(2007년 07월 07일 추첨),240,"
6
10
16
40
41
43
",21
240,(2007년 07월 14일 추첨),241,"
2
16
24
27
28
35
",21
241,(2007년 07월 21일 추첨),242,"
4
19
20
21
32
34
",43
242,(2007년 07월 28일 추첨),243,"
2
12
17
19
28
42
",34
243,(2007년 08월 04일 추첨),244,"
13
16
25
36
37
38
",19
244,(2007년 08월 11일 추첨),245,"
9
11
27
31
32
38
",22
245,(2007년 08월 18일 추첨),246,"
13
18
21
23
26
39
",15
246,(2007년 08월 25일 추첨),247,"
12
15
28
36
39
40
",13
247,(2007년 09월 01일 추첨),248,"
3
8
17
23
38
45
",13
248,(2007년 09월 08일 추첨),249,"
3
8
27
31
41
44
",11
249,(2007년 09월 15일 추첨),250,"
19
23
30
37
43
45
",38
250,(2007년 09월 22일 추첨),251,"
6
7
19
25
28
38
",45
251,(2007년 09월 29일 추첨),252,"
14
23
26
31
39
45
",28
252,(2007년 10월 06일 추첨),253,"
8
19
25
31
34
36
",33
253,(2007년 10월 13일 추첨),254,"
1
5
19
20
24
30
",27
254,(2007년 10월 20일 추첨),255,"
1
5
6
24
27
42
",32
255,(2007년 10월 27일 추첨),256,"
4
11
14
21
23
43
",32
256,(2007년 11월 03일 추첨),257,"
6
13
27
31
32
37
",4
257,(2007년 11월 10일 추첨),258,"
14
27
30
31
38
40
",17
258,(2007년 11월 17일 추첨),259,"
4
5
14
35
42
45
",34
259,(2007년 11월 24일 추첨),260,"
7
12
15
24
37
40
",43
260,(2007년 12월 01일 추첨),261,"
6
11
16
18
31
43
",2
261,(2007년 12월 08일 추첨),262,"
9
12
24
25
29
31
",36
262,(2007년 12월 15일 추첨),263,"
1
27
28
32
37
40
",18
263,(2007년 12월 22일 추첨),264,"
9
16
27
36
41
44
",5
264,(2007년 12월 29일 추첨),265,"
5
9
34
37
38
39
",12
265,(2008년 01월 05일 추첨),266,"
3
4
9
11
22
42
",37
266,(2008년 01월 12일 추첨),267,"
7
8
24
34
36
41
",1
267,(2008년 01월 19일 추첨),268,"
3
10
19
24
32
45
",12
268,(2008년 01월 26일 추첨),269,"
5
18
20
36
42
43
",32
269,(2008년 02월 02일 추첨),270,"
5
9
12
20
21
26
",27
270,(2008년 02월 09일 추첨),271,"
3
8
9
27
29
40
",36
271,(2008년 02월 16일 추첨),272,"
7
9
12
27
39
43
",28
272,(2008년 02월 23일 추첨),273,"
1
8
24
31
34
44
",6
273,(2008년 03월 01일 추첨),274,"
13
14
15
26
35
39
",25
274,(2008년 03월 08일 추첨),275,"
14
19
20
35
38
40
",26
275,(2008년 03월 15일 추첨),276,"
4
15
21
33
39
41
",25
276,(2008년 03월 22일 추첨),277,"
10
12
13
15
25
29
",20
277,(2008년 03월 29일 추첨),278,"
3
11
37
39
41
43
",13
278,(2008년 04월 05일 추첨),279,"
7
16
31
36
37
38
",11
279,(2008년 04월 12일 추첨),280,"
10
11
23
24
36
37
",35
280,(2008년 04월 19일 추첨),281,"
1
3
4
6
14
41
",12
281,(2008년 04월 26일 추첨),282,"
2
5
10
18
31
32
",30
282,(2008년 05월 03일 추첨),283,"
6
8
18
31
38
45
",42
283,(2008년 05월 10일 추첨),284,"
2
7
15
24
30
45
",28
284,(2008년 05월 17일 추첨),285,"
13
33
37
40
41
45
",2
285,(2008년 05월 24일 추첨),286,"
1
15
19
40
42
44
",17
286,(2008년 05월 31일 추첨),287,"
6
12
24
27
35
37
",41
287,(2008년 06월 07일 추첨),288,"
1
12
17
28
35
41
",10
288,(2008년 06월 14일 추첨),289,"
3
14
33
37
38
42
",10
289,(2008년 06월 21일 추첨),290,"
8
13
18
32
39
45
",7
290,(2008년 06월 28일 추첨),291,"
3
7
8
18
20
42
",45
291,(2008년 07월 05일 추첨),292,"
17
18
31
32
33
34
",10
292,(2008년 07월 12일 추첨),293,"
1
9
17
21
29
33
",24
293,(2008년 07월 19일 추첨),294,"
6
10
17
30
37
38
",40
294,(2008년 07월 26일 추첨),295,"
1
4
12
16
18
38
",8
295,(2008년 08월 02일 추첨),296,"
3
8
15
27
30
45
",44
296,(2008년 08월 09일 추첨),297,"
6
11
19
20
28
32
",34
297,(2008년 08월 16일 추첨),298,"
5
9
27
29
37
40
",19
298,(2008년 08월 23일 추첨),299,"
1
3
20
25
36
45
",24
299,(2008년 08월 30일 추첨),300,"
7
9
10
12
26
38
",39
300,(2008년 09월 06일 추첨),301,"
7
11
13
33
37
43
",26
301,(2008년 09월 13일 추첨),302,"
13
19
20
32
38
42
",4
302,(2008년 09월 20일 추첨),303,"
2
14
17
30
38
45
",43
303,(2008년 09월 27일 추첨),304,"
4
10
16
26
33
41
",38
304,(2008년 10월 04일 추첨),305,"
7
8
18
21
23
39
",9
305,(2008년 10월 11일 추첨),306,"
4
18
23
30
34
41
",19
306,(2008년 10월 18일 추첨),307,"
5
15
21
23
25
45
",12
307,(2008년 10월 25일 추첨),308,"
14
15
17
19
37
45
",40
308,(2008년 11월 01일 추첨),309,"
1
2
5
11
18
36
",22
309,(2008년 11월 08일 추첨),310,"
1
5
19
28
34
41
",16
310,(2008년 11월 15일 추첨),311,"
4
12
24
27
28
32
",10
311,(2008년 11월 22일 추첨),312,"
2
3
5
6
12
20
",25
312,(2008년 11월 29일 추첨),313,"
9
17
34
35
43
45
",2
313,(2008년 12월 06일 추첨),314,"
15
17
19
34
38
41
",2
314,(2008년 12월 13일 추첨),315,"
1
13
33
35
43
45
",23
315,(2008년 12월 20일 추첨),316,"
10
11
21
27
31
39
",43
316,(2008년 12월 27일 추첨),317,"
3
10
11
22
36
39
",8
317,(2009년 01월 03일 추첨),318,"
2
17
19
20
34
45
",21
318,(2009년 01월 10일 추첨),319,"
5
8
22
28
33
42
",37
319,(2009년 01월 17일 추첨),320,"
16
19
23
25
41
45
",3
320,(2009년 01월 24일 추첨),321,"
12
18
20
21
25
34
",42
321,(2009년 01월 31일 추첨),322,"
9
18
29
32
38
43
",20
322,(2009년 02월 07일 추첨),323,"
10
14
15
32
36
42
",3
323,(2009년 02월 14일 추첨),324,"
2
4
21
25
33
36
",17
324,(2009년 02월 21일 추첨),325,"
7
17
20
32
44
45
",33
325,(2009년 02월 28일 추첨),326,"
16
23
25
33
36
39
",40
326,(2009년 03월 07일 추첨),327,"
6
12
13
17
32
44
",24
327,(2009년 03월 14일 추첨),328,"
1
6
9
16
17
28
",24
328,(2009년 03월 21일 추첨),329,"
9
17
19
30
35
42
",4
329,(2009년 03월 28일 추첨),330,"
3
4
16
17
19
20
",23
330,(2009년 04월 04일 추첨),331,"
4
9
14
26
31
44
",39
331,(2009년 04월 11일 추첨),332,"
16
17
34
36
42
45
",3
332,(2009년 04월 18일 추첨),333,"
5
14
27
30
39
43
",35
333,(2009년 04월 25일 추첨),334,"
13
15
21
29
39
43
",33
334,(2009년 05월 02일 추첨),335,"
5
9
16
23
26
45
",21
335,(2009년 05월 09일 추첨),336,"
3
5
20
34
35
44
",16
336,(2009년 05월 16일 추첨),337,"
1
5
14
18
32
37
",4
337,(2009년 05월 23일 추첨),338,"
2
13
34
38
42
45
",16
338,(2009년 05월 30일 추첨),339,"
6
8
14
21
30
37
",45
339,(2009년 06월 06일 추첨),340,"
18
24
26
29
34
38
",32
340,(2009년 06월 13일 추첨),341,"
1
8
19
34
39
43
",41
341,(2009년 06월 20일 추첨),342,"
1
13
14
33
34
43
",25
342,(2009년 06월 27일 추첨),343,"
1
10
17
29
31
43
",15
343,(2009년 07월 04일 추첨),344,"
1
2
15
28
34
45
",38
344,(2009년 07월 11일 추첨),345,"
15
20
23
29
39
42
",2
345,(2009년 07월 18일 추첨),346,"
5
13
14
22
44
45
",33
346,(2009년 07월 25일 추첨),347,"
3
8
13
27
32
42
",10
347,(2009년 08월 01일 추첨),348,"
3
14
17
20
24
31
",34
348,(2009년 08월 08일 추첨),349,"
5
13
14
20
24
25
",36
349,(2009년 08월 15일 추첨),350,"
1
8
18
24
29
33
",35
350,(2009년 08월 22일 추첨),351,"
5
25
27
29
34
36
",33
351,(2009년 08월 29일 추첨),352,"
5
16
17
20
26
41
",24
352,(2009년 09월 05일 추첨),353,"
11
16
19
22
29
36
",26
353,(2009년 09월 12일 추첨),354,"
14
19
36
43
44
45
",1
354,(2009년 09월 19일 추첨),355,"
5
8
29
30
35
44
",38
355,(2009년 09월 26일 추첨),356,"
2
8
14
25
29
45
",24
356,(2009년 10월 03일 추첨),357,"
10
14
18
21
36
37
",5
357,(2009년 10월 10일 추첨),358,"
1
9
10
12
21
40
",37
358,(2009년 10월 17일 추첨),359,"
1
10
19
20
24
40
",23
359,(2009년 10월 24일 추첨),360,"
4
16
23
25
35
40
",27
360,(2009년 10월 31일 추첨),361,"
5
10
16
24
27
35
",33
361,(2009년 11월 07일 추첨),362,"
2
3
22
27
30
40
",29
362,(2009년 11월 14일 추첨),363,"
11
12
14
21
32
38
",6
363,(2009년 11월 21일 추첨),364,"
2
5
7
14
16
40
",4
364,(2009년 11월 28일 추첨),365,"
5
15
21
25
26
30
",31
365,(2009년 12월 05일 추첨),366,"
5
12
19
26
27
44
",38
366,(2009년 12월 12일 추첨),367,"
3
22
25
29
32
44
",19
367,(2009년 12월 19일 추첨),368,"
11
21
24
30
39
45
",26
368,(2009년 12월 26일 추첨),369,"
17
20
35
36
41
43
",21
369,(2010년 01월 02일 추첨),370,"
16
18
24
42
44
45
",17
370,(2010년 01월 09일 추첨),371,"
7
9
15
26
27
42
",18
371,(2010년 01월 16일 추첨),372,"
8
11
14
16
18
21
",13
372,(2010년 01월 23일 추첨),373,"
15
26
37
42
43
45
",9
373,(2010년 01월 30일 추첨),374,"
11
13
15
17
25
34
",26
374,(2010년 02월 06일 추첨),375,"
4
8
19
25
27
45
",7
375,(2010년 02월 13일 추첨),376,"
1
11
13
24
28
40
",7
376,(2010년 02월 20일 추첨),377,"
6
22
29
37
43
45
",23
377,(2010년 02월 27일 추첨),378,"
5
22
29
31
34
39
",43
378,(2010년 03월 06일 추첨),379,"
6
10
22
31
35
40
",19
379,(2010년 03월 13일 추첨),380,"
1
2
8
17
26
37
",27
380,(2010년 03월 20일 추첨),381,"
1
5
10
12
16
20
",11
381,(2010년 03월 27일 추첨),382,"
10
15
22
24
27
42
",19
382,(2010년 04월 03일 추첨),383,"
4
15
28
33
37
40
",25
383,(2010년 04월 10일 추첨),384,"
11
22
24
32
36
38
",7
384,(2010년 04월 17일 추첨),385,"
7
12
19
21
29
32
",9
385,(2010년 04월 24일 추첨),386,"
4
7
10
19
31
40
",26
386,(2010년 05월 01일 추첨),387,"
1
26
31
34
40
43
",20
387,(2010년 05월 08일 추첨),388,"
1
8
9
17
29
32
",45
388,(2010년 05월 15일 추첨),389,"
7
16
18
20
23
26
",3
389,(2010년 05월 22일 추첨),390,"
16
17
28
37
39
40
",15
390,(2010년 05월 29일 추첨),391,"
10
11
18
22
28
39
",30
391,(2010년 06월 05일 추첨),392,"
1
3
7
8
24
42
",43
392,(2010년 06월 12일 추첨),393,"
9
16
28
40
41
43
",21
393,(2010년 06월 19일 추첨),394,"
1
13
20
22
25
28
",15
394,(2010년 06월 26일 추첨),395,"
11
15
20
26
31
35
",7
395,(2010년 07월 03일 추첨),396,"
18
20
31
34
40
45
",30
396,(2010년 07월 10일 추첨),397,"
12
13
17
22
25
33
",8
397,(2010년 07월 17일 추첨),398,"
10
15
20
23
42
44
",7
398,(2010년 07월 24일 추첨),399,"
1
2
9
17
19
42
",20
399,(2010년 07월 31일 추첨),400,"
9
21
27
34
41
43
",2
400,(2010년 08월 07일 추첨),401,"
6
12
18
31
38
43
",9
401,(2010년 08월 14일 추첨),402,"
5
9
15
19
22
36
",32
402,(2010년 08월 21일 추첨),403,"
10
14
22
24
28
37
",26
403,(2010년 08월 28일 추첨),404,"
5
20
21
24
33
40
",36
404,(2010년 09월 04일 추첨),405,"
1
2
10
25
26
44
",4
405,(2010년 09월 11일 추첨),406,"
7
12
21
24
27
36
",45
406,(2010년 09월 18일 추첨),407,"
6
7
13
16
24
25
",1
407,(2010년 09월 25일 추첨),408,"
9
20
21
22
30
37
",16
408,(2010년 10월 02일 추첨),409,"
6
9
21
31
32
40
",38
409,(2010년 10월 09일 추첨),410,"
1
3
18
32
40
41
",16
410,(2010년 10월 16일 추첨),411,"
11
14
22
35
37
39
",5
411,(2010년 10월 23일 추첨),412,"
4
7
39
41
42
45
",40
412,(2010년 10월 30일 추첨),413,"
2
9
15
23
34
40
",3
413,(2010년 11월 06일 추첨),414,"
2
14
15
22
23
44
",43
414,(2010년 11월 13일 추첨),415,"
7
17
20
26
30
40
",24
415,(2010년 11월 20일 추첨),416,"
5
6
8
11
22
26
",44
416,(2010년 11월 27일 추첨),417,"
4
5
14
20
22
43
",44
417,(2010년 12월 04일 추첨),418,"
11
13
15
26
28
34
",31
418,(2010년 12월 11일 추첨),419,"
2
11
13
14
28
30
",7
419,(2010년 12월 18일 추첨),420,"
4
9
10
29
31
34
",27
420,(2010년 12월 25일 추첨),421,"
6
11
26
27
28
44
",30
421,(2011년 01월 01일 추첨),422,"
8
15
19
21
34
44
",12
422,(2011년 01월 08일 추첨),423,"
1
17
27
28
29
40
",5
423,(2011년 01월 15일 추첨),424,"
10
11
26
31
34
44
",30
424,(2011년 01월 22일 추첨),425,"
8
10
14
27
33
38
",3
425,(2011년 01월 29일 추첨),426,"
4
17
18
27
39
43
",19
426,(2011년 02월 05일 추첨),427,"
6
7
15
24
28
30
",21
427,(2011년 02월 12일 추첨),428,"
12
16
19
22
37
40
",8
428,(2011년 02월 19일 추첨),429,"
3
23
28
34
39
42
",16
429,(2011년 02월 26일 추첨),430,"
1
3
16
18
30
34
",44
430,(2011년 03월 05일 추첨),431,"
18
22
25
31
38
45
",6
431,(2011년 03월 12일 추첨),432,"
2
3
5
11
27
39
",33
432,(2011년 03월 19일 추첨),433,"
19
23
29
33
35
43
",27
433,(2011년 03월 26일 추첨),434,"
3
13
20
24
33
37
",35
434,(2011년 04월 02일 추첨),435,"
8
16
26
30
38
45
",42
435,(2011년 04월 09일 추첨),436,"
9
14
20
22
33
34
",28
436,(2011년 04월 16일 추첨),437,"
11
16
29
38
41
44
",21
437,(2011년 04월 23일 추첨),438,"
6
12
20
26
29
38
",45
438,(2011년 04월 30일 추첨),439,"
17
20
30
31
37
40
",25
439,(2011년 05월 07일 추첨),440,"
10
22
28
34
36
44
",2
440,(2011년 05월 14일 추첨),441,"
1
23
28
30
34
35
",9
441,(2011년 05월 21일 추첨),442,"
25
27
29
36
38
40
",41
442,(2011년 05월 28일 추첨),443,"
4
6
10
19
20
44
",14
443,(2011년 06월 04일 추첨),444,"
11
13
23
35
43
45
",17
444,(2011년 06월 11일 추첨),445,"
13
20
21
30
39
45
",32
445,(2011년 06월 18일 추첨),446,"
1
11
12
14
26
35
",6
446,(2011년 06월 25일 추첨),447,"
2
7
8
9
17
33
",34
447,(2011년 07월 02일 추첨),448,"
3
7
13
27
40
41
",36
448,(2011년 07월 09일 추첨),449,"
3
10
20
26
35
43
",36
449,(2011년 07월 16일 추첨),450,"
6
14
19
21
23
31
",13
450,(2011년 07월 23일 추첨),451,"
12
15
20
24
30
38
",29
451,(2011년 07월 30일 추첨),452,"
8
10
18
30
32
34
",27
452,(2011년 08월 06일 추첨),453,"
12
24
33
38
40
42
",30
453,(2011년 08월 13일 추첨),454,"
13
25
27
34
38
41
",10
454,(2011년 08월 20일 추첨),455,"
4
19
20
26
30
35
",24
455,(2011년 08월 27일 추첨),456,"
1
7
12
18
23
27
",44
456,(2011년 09월 03일 추첨),457,"
8
10
18
23
27
40
",33
457,(2011년 09월 10일 추첨),458,"
4
9
10
32
36
40
",18
458,(2011년 09월 17일 추첨),459,"
4
6
10
14
25
40
",12
459,(2011년 09월 24일 추첨),460,"
8
11
28
30
43
45
",41
460,(2011년 10월 01일 추첨),461,"
11
18
26
31
37
40
",43
461,(2011년 10월 08일 추첨),462,"
3
20
24
32
37
45
",4
462,(2011년 10월 15일 추첨),463,"
23
29
31
33
34
44
",40
463,(2011년 10월 22일 추첨),464,"
6
12
15
34
42
44
",4
464,(2011년 10월 29일 추첨),465,"
1
8
11
13
22
38
",31
465,(2011년 11월 05일 추첨),466,"
4
10
13
23
32
44
",20
466,(2011년 11월 12일 추첨),467,"
2
12
14
17
24
40
",39
467,(2011년 11월 19일 추첨),468,"
8
13
15
28
37
43
",17
468,(2011년 11월 26일 추첨),469,"
4
21
22
34
37
38
",33
469,(2011년 12월 03일 추첨),470,"
10
16
20
39
41
42
",27
470,(2011년 12월 10일 추첨),471,"
6
13
29
37
39
41
",43
471,(2011년 12월 17일 추첨),472,"
16
25
26
31
36
43
",44
472,(2011년 12월 24일 추첨),473,"
8
13
20
22
23
36
",34
473,(2011년 12월 31일 추첨),474,"
4
13
18
31
33
45
",43
474,(2012년 01월 07일 추첨),475,"
1
9
14
16
21
29
",3
475,(2012년 01월 14일 추첨),476,"
9
12
13
15
37
38
",27
476,(2012년 01월 21일 추첨),477,"
14
25
29
32
33
45
",37
477,(2012년 01월 28일 추첨),478,"
18
29
30
37
39
43
",8
478,(2012년 02월 04일 추첨),479,"
8
23
25
27
35
44
",24
479,(2012년 02월 11일 추첨),480,"
3
5
10
17
30
31
",16
480,(2012년 02월 18일 추첨),481,"
3
4
23
29
40
41
",20
481,(2012년 02월 25일 추첨),482,"
1
10
16
24
25
35
",43
482,(2012년 03월 03일 추첨),483,"
12
15
19
22
28
34
",5
483,(2012년 03월 10일 추첨),484,"
1
3
27
28
32
45
",11
484,(2012년 03월 17일 추첨),485,"
17
22
26
27
36
39
",20
485,(2012년 03월 24일 추첨),486,"
1
2
23
25
38
40
",43
486,(2012년 03월 31일 추첨),487,"
4
8
25
27
37
41
",21
487,(2012년 04월 07일 추첨),488,"
2
8
17
30
31
38
",25
488,(2012년 04월 14일 추첨),489,"
2
4
8
15
20
27
",11
489,(2012년 04월 21일 추첨),490,"
2
7
26
29
40
43
",42
490,(2012년 04월 28일 추첨),491,"
8
17
35
36
39
42
",4
491,(2012년 05월 05일 추첨),492,"
22
27
31
35
37
40
",42
492,(2012년 05월 12일 추첨),493,"
20
22
26
33
36
37
",25
493,(2012년 05월 19일 추첨),494,"
5
7
8
15
30
43
",22
494,(2012년 05월 26일 추첨),495,"
4
13
22
27
34
44
",6
495,(2012년 06월 02일 추첨),496,"
4
13
20
29
36
41
",39
496,(2012년 06월 09일 추첨),497,"
19
20
23
24
43
44
",13
497,(2012년 06월 16일 추첨),498,"
13
14
24
32
39
41
",3
498,(2012년 06월 23일 추첨),499,"
5
20
23
27
35
40
",43
499,(2012년 06월 30일 추첨),500,"
3
4
12
20
24
34
",41
500,(2012년 07월 07일 추첨),501,"
1
4
10
17
31
42
",2
501,(2012년 07월 14일 추첨),502,"
6
22
28
32
34
40
",26
502,(2012년 07월 21일 추첨),503,"
1
5
27
30
34
36
",40
503,(2012년 07월 28일 추첨),504,"
6
14
22
26
43
44
",31
504,(2012년 08월 04일 추첨),505,"
7
20
22
25
38
40
",44
505,(2012년 08월 11일 추첨),506,"
6
9
11
22
24
30
",31
506,(2012년 08월 18일 추첨),507,"
12
13
32
33
40
41
",4
507,(2012년 08월 25일 추첨),508,"
5
27
31
34
35
43
",37
508,(2012년 09월 01일 추첨),509,"
12
25
29
35
42
43
",24
509,(2012년 09월 08일 추첨),510,"
12
29
32
33
39
40
",42
510,(2012년 09월 15일 추첨),511,"
3
7
14
23
26
42
",24
511,(2012년 09월 22일 추첨),512,"
4
5
9
13
26
27
",1
512,(2012년 09월 29일 추첨),513,"
5
8
21
23
27
33
",12
513,(2012년 10월 06일 추첨),514,"
1
15
20
26
35
42
",9
514,(2012년 10월 13일 추첨),515,"
2
11
12
15
23
37
",8
515,(2012년 10월 20일 추첨),516,"
2
8
23
41
43
44
",30
516,(2012년 10월 27일 추첨),517,"
1
9
12
28
36
41
",10
517,(2012년 11월 03일 추첨),518,"
14
23
30
32
34
38
",6
518,(2012년 11월 10일 추첨),519,"
6
8
13
16
30
43
",3
519,(2012년 11월 17일 추첨),520,"
4
22
27
28
38
40
",1
520,(2012년 11월 24일 추첨),521,"
3
7
18
29
32
36
",19
521,(2012년 12월 01일 추첨),522,"
4
5
13
14
37
41
",11
522,(2012년 12월 08일 추첨),523,"
1
4
37
38
40
45
",7
523,(2012년 12월 15일 추첨),524,"
10
11
29
38
41
45
",21
524,(2012년 12월 22일 추첨),525,"
11
23
26
29
39
44
",22
525,(2012년 12월 29일 추첨),526,"
7
14
17
20
35
39
",31
526,(2013년 01월 05일 추첨),527,"
1
12
22
32
33
42
",38
527,(2013년 01월 12일 추첨),528,"
5
17
25
31
39
40
",10
528,(2013년 01월 19일 추첨),529,"
18
20
24
27
31
42
",39
529,(2013년 01월 26일 추첨),530,"
16
23
27
29
33
41
",22
530,(2013년 02월 02일 추첨),531,"
1
5
9
21
27
35
",45
531,(2013년 02월 09일 추첨),532,"
16
17
23
24
29
44
",3
532,(2013년 02월 16일 추첨),533,"
9
14
15
17
31
33
",23
533,(2013년 02월 23일 추첨),534,"
10
24
26
29
37
38
",32
534,(2013년 03월 02일 추첨),535,"
11
12
14
15
18
39
",34
535,(2013년 03월 09일 추첨),536,"
7
8
18
32
37
43
",12
536,(2013년 03월 16일 추첨),537,"
12
23
26
30
36
43
",11
537,(2013년 03월 23일 추첨),538,"
6
10
18
31
32
34
",11
538,(2013년 03월 30일 추첨),539,"
3
19
22
31
42
43
",26
539,(2013년 04월 06일 추첨),540,"
3
12
13
15
34
36
",14
540,(2013년 04월 13일 추첨),541,"
8
13
26
28
32
34
",43
541,(2013년 04월 20일 추첨),542,"
5
6
19
26
41
45
",34
542,(2013년 04월 27일 추첨),543,"
13
18
26
31
34
44
",12
543,(2013년 05월 04일 추첨),544,"
5
17
21
25
36
44
",10
544,(2013년 05월 11일 추첨),545,"
4
24
25
27
34
35
",2
545,(2013년 05월 18일 추첨),546,"
8
17
20
27
37
43
",6
546,(2013년 05월 25일 추첨),547,"
6
7
15
22
34
39
",28
547,(2013년 06월 01일 추첨),548,"
1
12
13
21
32
45
",14
548,(2013년 06월 08일 추첨),549,"
29
31
35
38
40
44
",17
549,(2013년 06월 15일 추첨),550,"
1
7
14
20
34
37
",41
550,(2013년 06월 22일 추첨),551,"
3
6
20
24
27
44
",25
551,(2013년 06월 29일 추첨),552,"
1
10
20
32
35
40
",43
552,(2013년 07월 06일 추첨),553,"
2
7
17
28
29
39
",37
553,(2013년 07월 13일 추첨),554,"
13
14
17
32
41
42
",6
554,(2013년 07월 20일 추첨),555,"
11
17
21
24
26
36
",12
555,(2013년 07월 27일 추첨),556,"
12
20
23
28
30
44
",43
556,(2013년 08월 03일 추첨),557,"
4
20
26
28
35
40
",31
557,(2013년 08월 10일 추첨),558,"
12
15
19
26
40
43
",29
558,(2013년 08월 17일 추첨),559,"
11
12
25
32
44
45
",23
559,(2013년 08월 24일 추첨),560,"
1
4
20
23
29
45
",28
560,(2013년 08월 31일 추첨),561,"
5
7
18
37
42
45
",20
561,(2013년 09월 07일 추첨),562,"
4
11
13
17
20
31
",33
562,(2013년 09월 14일 추첨),563,"
5
10
16
17
31
32
",21
563,(2013년 09월 21일 추첨),564,"
14
19
25
26
27
34
",2
564,(2013년 09월 28일 추첨),565,"
4
10
18
27
40
45
",38
565,(2013년 10월 05일 추첨),566,"
4
5
6
25
26
43
",41
566,(2013년 10월 12일 추첨),567,"
1
10
15
16
32
41
",28
567,(2013년 10월 19일 추첨),568,"
1
3
17
20
31
44
",40
568,(2013년 10월 26일 추첨),569,"
3
6
13
23
24
35
",1
569,(2013년 11월 02일 추첨),570,"
1
12
26
27
29
33
",42
570,(2013년 11월 09일 추첨),571,"
11
18
21
26
38
43
",29
571,(2013년 11월 16일 추첨),572,"
3
13
18
33
37
45
",1
572,(2013년 11월 23일 추첨),573,"
2
4
20
34
35
43
",14
573,(2013년 11월 30일 추첨),574,"
14
15
16
19
25
43
",2
574,(2013년 12월 07일 추첨),575,"
2
8
20
30
33
34
",6
575,(2013년 12월 14일 추첨),576,"
10
11
15
25
35
41
",13
576,(2013년 12월 21일 추첨),577,"
16
17
22
31
34
37
",33
577,(2013년 12월 28일 추첨),578,"
5
12
14
32
34
42
",16
578,(2014년 01월 04일 추첨),579,"
5
7
20
22
37
42
",39
579,(2014년 01월 11일 추첨),580,"
5
7
9
11
32
35
",33
580,(2014년 01월 18일 추첨),581,"
3
5
14
20
42
44
",33
581,(2014년 01월 25일 추첨),582,"
2
12
14
33
40
41
",25
582,(2014년 02월 01일 추첨),583,"
8
17
27
33
40
44
",24
583,(2014년 02월 08일 추첨),584,"
7
18
30
39
40
41
",36
584,(2014년 02월 15일 추첨),585,"
6
7
10
16
38
41
",4
585,(2014년 02월 22일 추첨),586,"
2
7
12
15
21
34
",5
586,(2014년 03월 01일 추첨),587,"
14
21
29
31
32
37
",17
587,(2014년 03월 08일 추첨),588,"
2
8
15
22
25
41
",30
588,(2014년 03월 15일 추첨),589,"
6
8
28
33
38
39
",22
589,(2014년 03월 22일 추첨),590,"
20
30
36
38
41
45
",23
590,(2014년 03월 29일 추첨),591,"
8
13
14
30
38
39
",5
591,(2014년 04월 05일 추첨),592,"
2
5
6
13
28
44
",43
592,(2014년 04월 12일 추첨),593,"
9
10
13
24
33
38
",28
593,(2014년 04월 19일 추첨),594,"
2
8
13
25
28
37
",3
594,(2014년 04월 26일 추첨),595,"
8
24
28
35
38
40
",5
595,(2014년 05월 03일 추첨),596,"
3
4
12
14
25
43
",17
596,(2014년 05월 10일 추첨),597,"
8
10
23
24
35
43
",37
597,(2014년 05월 17일 추첨),598,"
4
12
24
33
38
45
",22
598,(2014년 05월 24일 추첨),599,"
5
12
17
29
34
35
",27
599,(2014년 05월 31일 추첨),600,"
5
11
14
27
29
36
",44
600,(2014년 06월 07일 추첨),601,"
2
16
19
31
34
35
",37
601,(2014년 06월 14일 추첨),602,"
13
14
22
27
30
38
",2
602,(2014년 06월 21일 추첨),603,"
2
19
25
26
27
43
",28
603,(2014년 06월 28일 추첨),604,"
2
6
18
21
33
34
",30
604,(2014년 07월 05일 추첨),605,"
1
2
7
9
10
38
",42
605,(2014년 07월 12일 추첨),606,"
1
5
6
14
20
39
",22
606,(2014년 07월 19일 추첨),607,"
8
14
23
36
38
39
",13
607,(2014년 07월 26일 추첨),608,"
4
8
18
19
39
44
",41
608,(2014년 08월 02일 추첨),609,"
4
8
27
34
39
40
",13
609,(2014년 08월 09일 추첨),610,"
14
18
20
23
28
36
",33
610,(2014년 08월 16일 추첨),611,"
2
22
27
33
36
37
",14
611,(2014년 08월 23일 추첨),612,"
6
9
18
19
25
33
",40
612,(2014년 08월 30일 추첨),613,"
7
8
11
16
41
44
",35
613,(2014년 09월 06일 추첨),614,"
8
21
25
39
40
44
",18
614,(2014년 09월 13일 추첨),615,"
10
17
18
19
23
27
",35
615,(2014년 09월 20일 추첨),616,"
5
13
18
23
40
45
",3
616,(2014년 09월 27일 추첨),617,"
4
5
11
12
24
27
",28
617,(2014년 10월 04일 추첨),618,"
8
16
25
30
42
43
",15
618,(2014년 10월 11일 추첨),619,"
6
8
13
30
35
40
",21
619,(2014년 10월 18일 추첨),620,"
2
16
17
32
39
45
",40
620,(2014년 10월 25일 추첨),621,"
1
2
6
16
19
42
",9
621,(2014년 11월 01일 추첨),622,"
9
15
16
21
28
34
",24
622,(2014년 11월 08일 추첨),623,"
7
13
30
39
41
45
",25
623,(2014년 11월 15일 추첨),624,"
1
7
19
26
27
35
",16
624,(2014년 11월 22일 추첨),625,"
3
6
7
20
21
39
",13
625,(2014년 11월 29일 추첨),626,"
13
14
26
33
40
43
",15
626,(2014년 12월 06일 추첨),627,"
2
9
22
25
31
45
",12
627,(2014년 12월 13일 추첨),628,"
1
7
12
15
23
42
",11
628,(2014년 12월 20일 추첨),629,"
19
28
31
38
43
44
",1
629,(2014년 12월 27일 추첨),630,"
8
17
21
24
27
31
",15
630,(2015년 01월 03일 추첨),631,"
1
2
4
23
31
34
",8
631,(2015년 01월 10일 추첨),632,"
15
18
21
32
35
44
",6
632,(2015년 01월 17일 추첨),633,"
9
12
19
20
39
41
",13
633,(2015년 01월 24일 추첨),634,"
4
10
11
12
20
27
",38
634,(2015년 01월 31일 추첨),635,"
11
13
25
26
29
33
",32
635,(2015년 02월 07일 추첨),636,"
6
7
15
16
20
31
",26
636,(2015년 02월 14일 추첨),637,"
3
16
22
37
38
44
",23
637,(2015년 02월 21일 추첨),638,"
7
18
22
24
31
34
",6
638,(2015년 02월 28일 추첨),639,"
6
15
22
23
25
32
",40
639,(2015년 03월 07일 추첨),640,"
14
15
18
21
26
35
",23
640,(2015년 03월 14일 추첨),641,"
11
18
21
36
37
43
",12
641,(2015년 03월 21일 추첨),642,"
8
17
18
24
39
45
",32
642,(2015년 03월 28일 추첨),643,"
15
24
31
32
33
40
",13
643,(2015년 04월 04일 추첨),644,"
5
13
17
23
28
36
",8
644,(2015년 04월 11일 추첨),645,"
1
4
16
26
40
41
",31
645,(2015년 04월 18일 추첨),646,"
2
9
24
41
43
45
",30
646,(2015년 04월 25일 추첨),647,"
5
16
21
23
24
30
",29
647,(2015년 05월 02일 추첨),648,"
13
19
28
37
38
43
",4
648,(2015년 05월 09일 추첨),649,"
3
21
22
33
41
42
",20
649,(2015년 05월 16일 추첨),650,"
3
4
7
11
31
41
",35
650,(2015년 05월 23일 추첨),651,"
11
12
16
26
29
44
",18
651,(2015년 05월 30일 추첨),652,"
3
13
15
40
41
44
",20
652,(2015년 06월 06일 추첨),653,"
5
6
26
27
38
39
",1
653,(2015년 06월 13일 추첨),654,"
16
21
26
31
36
43
",6
654,(2015년 06월 20일 추첨),655,"
7
37
38
39
40
44
",18
655,(2015년 06월 27일 추첨),656,"
3
7
14
16
31
40
",39
656,(2015년 07월 04일 추첨),657,"
10
14
19
39
40
43
",23
657,(2015년 07월 11일 추첨),658,"
8
19
25
28
32
36
",37
658,(2015년 07월 18일 추첨),659,"
7
18
19
27
29
42
",45
659,(2015년 07월 25일 추첨),660,"
4
9
23
33
39
44
",14
660,(2015년 08월 01일 추첨),661,"
2
3
12
20
27
38
",40
661,(2015년 08월 08일 추첨),662,"
5
6
9
11
15
37
",26
662,(2015년 08월 15일 추첨),663,"
3
5
8
19
38
42
",20
663,(2015년 08월 22일 추첨),664,"
10
20
33
36
41
44
",5
664,(2015년 08월 29일 추첨),665,"
5
6
11
17
38
44
",13
665,(2015년 09월 05일 추첨),666,"
2
4
6
11
17
28
",16
666,(2015년 09월 12일 추첨),667,"
15
17
25
37
42
43
",13
667,(2015년 09월 19일 추첨),668,"
12
14
15
24
27
32
",3
668,(2015년 09월 26일 추첨),669,"
7
8
20
29
33
38
",9
669,(2015년 10월 03일 추첨),670,"
11
18
26
27
40
41
",25
670,(2015년 10월 10일 추첨),671,"
7
9
10
13
31
35
",24
671,(2015년 10월 17일 추첨),672,"
8
21
28
31
36
45
",43
672,(2015년 10월 24일 추첨),673,"
7
10
17
29
33
44
",5
673,(2015년 10월 31일 추첨),674,"
9
10
14
25
27
31
",11
674,(2015년 11월 07일 추첨),675,"
1
8
11
15
18
45
",7
675,(2015년 11월 14일 추첨),676,"
1
8
17
34
39
45
",27
676,(2015년 11월 21일 추첨),677,"
12
15
24
36
41
44
",42
677,(2015년 11월 28일 추첨),678,"
4
5
6
12
25
37
",45
678,(2015년 12월 05일 추첨),679,"
3
5
7
14
26
34
",35
679,(2015년 12월 12일 추첨),680,"
4
10
19
29
32
42
",30
680,(2015년 12월 19일 추첨),681,"
21
24
27
29
43
44
",7
681,(2015년 12월 26일 추첨),682,"
17
23
27
35
38
43
",2
682,(2016년 01월 02일 추첨),683,"
6
13
20
27
28
40
",15
683,(2016년 01월 09일 추첨),684,"
1
11
15
17
25
39
",40
684,(2016년 01월 16일 추첨),685,"
6
7
12
28
38
40
",18
685,(2016년 01월 23일 추첨),686,"
7
12
15
24
25
43
",13
686,(2016년 01월 30일 추첨),687,"
1
8
10
13
28
42
",45
687,(2016년 02월 06일 추첨),688,"
5
15
22
23
34
35
",2
688,(2016년 02월 13일 추첨),689,"
7
17
19
30
36
38
",34
689,(2016년 02월 20일 추첨),690,"
24
25
33
34
38
39
",43
690,(2016년 02월 27일 추첨),691,"
15
27
33
35
43
45
",16
691,(2016년 03월 05일 추첨),692,"
3
11
14
15
32
36
",44
692,(2016년 03월 12일 추첨),693,"
1
6
11
28
34
42
",30
693,(2016년 03월 19일 추첨),694,"
7
15
20
25
33
43
",12
694,(2016년 03월 26일 추첨),695,"
4
18
26
33
34
38
",14
695,(2016년 04월 02일 추첨),696,"
1
7
16
18
34
38
",21
696,(2016년 04월 09일 추첨),697,"
2
5
8
11
33
39
",31
697,(2016년 04월 16일 추첨),698,"
3
11
13
21
33
37
",18
698,(2016년 04월 23일 추첨),699,"
4
5
8
16
21
29
",3
699,(2016년 04월 30일 추첨),700,"
11
23
28
29
30
44
",13
700,(2016년 05월 07일 추첨),701,"
3
10
14
16
36
38
",35
701,(2016년 05월 14일 추첨),702,"
3
13
16
24
26
29
",9
702,(2016년 05월 21일 추첨),703,"
10
28
31
33
41
44
",21
703,(2016년 05월 28일 추첨),704,"
1
4
8
23
33
42
",45
704,(2016년 06월 04일 추첨),705,"
1
6
17
22
28
45
",23
705,(2016년 06월 11일 추첨),706,"
3
4
6
10
28
30
",37
706,(2016년 06월 18일 추첨),707,"
2
12
19
24
39
44
",35
707,(2016년 06월 25일 추첨),708,"
2
10
16
19
34
45
",1
708,(2016년 07월 02일 추첨),709,"
10
18
30
36
39
44
",32
709,(2016년 07월 09일 추첨),710,"
3
4
9
24
25
33
",10
710,(2016년 07월 16일 추첨),711,"
11
15
24
35
37
45
",42
711,(2016년 07월 23일 추첨),712,"
17
20
30
31
33
45
",19
712,(2016년 07월 30일 추첨),713,"
2
5
15
18
19
23
",44
713,(2016년 08월 06일 추첨),714,"
1
7
22
33
37
40
",20
714,(2016년 08월 13일 추첨),715,"
2
7
27
33
41
44
",10
715,(2016년 08월 20일 추첨),716,"
2
6
13
16
29
30
",21
716,(2016년 08월 27일 추첨),717,"
2
11
19
25
28
32
",44
717,(2016년 09월 03일 추첨),718,"
4
11
20
23
32
39
",40
718,(2016년 09월 10일 추첨),719,"
4
8
13
19
20
43
",26
719,(2016년 09월 17일 추첨),720,"
1
12
29
34
36
37
",41
720,(2016년 09월 24일 추첨),721,"
1
28
35
41
43
44
",31
721,(2016년 10월 01일 추첨),722,"
12
14
21
30
39
43
",45
722,(2016년 10월 08일 추첨),723,"
20
30
33
35
36
44
",22
723,(2016년 10월 15일 추첨),724,"
2
8
33
35
37
41
",14
724,(2016년 10월 22일 추첨),725,"
6
7
19
21
41
43
",38
725,(2016년 10월 29일 추첨),726,"
1
11
21
23
34
44
",24
726,(2016년 11월 05일 추첨),727,"
7
8
10
19
21
31
",20
727,(2016년 11월 12일 추첨),728,"
3
6
10
30
34
37
",36
728,(2016년 11월 19일 추첨),729,"
11
17
21
26
36
45
",16
729,(2016년 11월 26일 추첨),730,"
4
10
14
15
18
22
",39
730,(2016년 12월 03일 추첨),731,"
2
7
13
25
42
45
",39
731,(2016년 12월 10일 추첨),732,"
2
4
5
17
27
32
",43
732,(2016년 12월 17일 추첨),733,"
11
24
32
33
35
40
",13
733,(2016년 12월 24일 추첨),734,"
6
16
37
38
41
45
",18
734,(2016년 12월 31일 추첨),735,"
5
10
13
27
37
41
",4
735,(2017년 01월 07일 추첨),736,"
2
11
17
18
21
27
",6
736,(2017년 01월 14일 추첨),737,"
13
15
18
24
27
41
",11
737,(2017년 01월 21일 추첨),738,"
23
27
28
38
42
43
",36
738,(2017년 01월 28일 추첨),739,"
7
22
29
33
34
35
",30
739,(2017년 02월 04일 추첨),740,"
4
8
9
16
17
19
",31
740,(2017년 02월 11일 추첨),741,"
5
21
27
34
44
45
",16
741,(2017년 02월 18일 추첨),742,"
8
10
13
36
37
40
",6
742,(2017년 02월 25일 추첨),743,"
15
19
21
34
41
44
",10
743,(2017년 03월 04일 추첨),744,"
10
15
18
21
34
41
",43
744,(2017년 03월 11일 추첨),745,"
1
2
3
9
12
23
",10
745,(2017년 03월 18일 추첨),746,"
3
12
33
36
42
45
",25
746,(2017년 03월 25일 추첨),747,"
7
9
12
14
23
28
",17
747,(2017년 04월 01일 추첨),748,"
3
10
13
22
31
32
",29
748,(2017년 04월 08일 추첨),749,"
12
14
24
26
34
45
",41
749,(2017년 04월 15일 추첨),750,"
1
2
15
19
24
36
",12
750,(2017년 04월 22일 추첨),751,"
3
4
16
20
28
44
",17
751,(2017년 04월 29일 추첨),752,"
4
16
20
33
40
43
",7
752,(2017년 05월 06일 추첨),753,"
2
17
19
24
37
41
",3
753,(2017년 05월 13일 추첨),754,"
2
8
17
24
29
31
",32
754,(2017년 05월 20일 추첨),755,"
13
14
26
28
30
36
",37
755,(2017년 05월 27일 추첨),756,"
10
14
16
18
27
28
",4
756,(2017년 06월 03일 추첨),757,"
6
7
11
17
33
44
",1
757,(2017년 06월 10일 추첨),758,"
5
9
12
30
39
43
",24
758,(2017년 06월 17일 추첨),759,"
9
33
36
40
42
43
",32
759,(2017년 06월 24일 추첨),760,"
10
22
27
31
42
43
",12
760,(2017년 07월 01일 추첨),761,"
4
7
11
24
42
45
",30
761,(2017년 07월 08일 추첨),762,"
1
3
12
21
26
41
",16
762,(2017년 07월 15일 추첨),763,"
3
8
16
32
34
43
",10
763,(2017년 07월 22일 추첨),764,"
7
22
24
31
34
36
",15
764,(2017년 07월 29일 추첨),765,"
1
3
8
12
42
43
",33
765,(2017년 08월 05일 추첨),766,"
9
30
34
35
39
41
",21
766,(2017년 08월 12일 추첨),767,"
5
15
20
31
34
42
",22
767,(2017년 08월 19일 추첨),768,"
7
27
29
30
38
44
",4
768,(2017년 08월 26일 추첨),769,"
5
7
11
16
41
45
",4
769,(2017년 09월 02일 추첨),770,"
1
9
12
23
39
43
",34
770,(2017년 09월 09일 추첨),771,"
6
10
17
18
21
29
",30
771,(2017년 09월 16일 추첨),772,"
5
6
11
14
21
41
",32
772,(2017년 09월 23일 추첨),773,"
8
12
19
21
31
35
",44
773,(2017년 09월 30일 추첨),774,"
12
15
18
28
34
42
",9
774,(2017년 10월 07일 추첨),775,"
11
12
29
33
38
42
",17
775,(2017년 10월 14일 추첨),776,"
8
9
18
21
28
40
",20
776,(2017년 10월 21일 추첨),777,"
6
12
17
21
34
37
",18
777,(2017년 10월 28일 추첨),778,"
6
21
35
36
37
41
",11
778,(2017년 11월 04일 추첨),779,"
6
12
19
24
34
41
",4
779,(2017년 11월 11일 추첨),780,"
15
17
19
21
27
45
",16
780,(2017년 11월 18일 추첨),781,"
11
16
18
19
24
39
",43
781,(2017년 11월 25일 추첨),782,"
6
18
31
34
38
45
",20
782,(2017년 12월 02일 추첨),783,"
14
15
16
17
38
45
",36
783,(2017년 12월 09일 추첨),784,"
3
10
23
24
31
39
",22
784,(2017년 12월 16일 추첨),785,"
4
6
15
25
26
33
",40
785,(2017년 12월 23일 추첨),786,"
12
15
16
20
24
30
",38
786,(2017년 12월 30일 추첨),787,"
5
6
13
16
27
28
",9
787,(2018년 01월 06일 추첨),788,"
2
10
11
19
35
39
",29
788,(2018년 01월 13일 추첨),789,"
2
6
7
12
19
45
",38
789,(2018년 01월 20일 추첨),790,"
3
8
19
27
30
41
",12
790,(2018년 01월 27일 추첨),791,"
2
10
12
31
33
42
",32
791,(2018년 02월 03일 추첨),792,"
2
7
19
25
29
36
",16
792,(2018년 02월 10일 추첨),793,"
10
15
21
35
38
43
",31
793,(2018년 02월 17일 추첨),794,"
6
7
18
19
30
38
",13
794,(2018년 02월 24일 추첨),795,"
3
10
13
26
34
38
",36
795,(2018년 03월 03일 추첨),796,"
1
21
26
36
40
41
",5
796,(2018년 03월 10일 추첨),797,"
5
22
31
32
39
45
",36
797,(2018년 03월 17일 추첨),798,"
2
10
14
22
32
36
",41
798,(2018년 03월 24일 추첨),799,"
12
17
23
34
42
45
",33
799,(2018년 03월 31일 추첨),800,"
1
4
10
12
28
45
",26
800,(2018년 04월 07일 추첨),801,"
17
25
28
37
43
44
",2
801,(2018년 04월 14일 추첨),802,"
10
11
12
18
24
42
",27
802,(2018년 04월 21일 추첨),803,"
5
9
14
26
30
43
",2
803,(2018년 04월 28일 추첨),804,"
1
10
13
26
32
36
",9
804,(2018년 05월 05일 추첨),805,"
3
12
13
18
31
32
",42
805,(2018년 05월 12일 추첨),806,"
14
20
23
31
37
38
",27
806,(2018년 05월 19일 추첨),807,"
6
10
18
25
34
35
",33
807,(2018년 05월 26일 추첨),808,"
15
21
31
32
41
43
",24
808,(2018년 06월 02일 추첨),809,"
6
11
15
17
23
40
",39
809,(2018년 06월 09일 추첨),810,"
5
10
13
21
39
43
",11
810,(2018년 06월 16일 추첨),811,"
8
11
19
21
36
45
",25
811,(2018년 06월 23일 추첨),812,"
1
3
12
14
16
43
",10
812,(2018년 06월 30일 추첨),813,"
11
30
34
35
42
44
",27
813,(2018년 07월 07일 추첨),814,"
2
21
28
38
42
45
",30
814,(2018년 07월 14일 추첨),815,"
17
21
25
26
27
36
",4
815,(2018년 07월 21일 추첨),816,"
12
18
19
29
31
39
",7
816,(2018년 07월 28일 추첨),817,"
3
9
12
13
25
43
",34
817,(2018년 08월 04일 추첨),818,"
14
15
25
28
29
30
",3
818,(2018년 08월 11일 추첨),819,"
16
25
33
38
40
45
",15
819,(2018년 08월 18일 추첨),820,"
10
21
22
30
35
42
",6
820,(2018년 08월 25일 추첨),821,"
1
12
13
24
29
44
",16
821,(2018년 09월 01일 추첨),822,"
9
18
20
24
27
36
",12
822,(2018년 09월 08일 추첨),823,"
12
18
24
26
39
40
",15
823,(2018년 09월 15일 추첨),824,"
7
9
24
29
34
38
",26
824,(2018년 09월 22일 추첨),825,"
8
15
21
31
33
38
",42
825,(2018년 09월 29일 추첨),826,"
13
16
24
25
33
36
",42
826,(2018년 10월 06일 추첨),827,"
5
11
12
29
33
44
",14
827,(2018년 10월 13일 추첨),828,"
4
7
13
29
31
39
",18
828,(2018년 10월 20일 추첨),829,"
4
5
31
35
43
45
",29
829,(2018년 10월 27일 추첨),830,"
5
6
16
18
37
38
",17
830,(2018년 11월 03일 추첨),831,"
3
10
16
19
31
39
",9
831,(2018년 11월 10일 추첨),832,"
13
14
19
26
40
43
",30
832,(2018년 11월 17일 추첨),833,"
12
18
30
39
41
42
",19
833,(2018년 11월 24일 추첨),834,"
6
8
18
35
42
43
",3
834,(2018년 12월 01일 추첨),835,"
9
10
13
28
38
45
",35
835,(2018년 12월 08일 추첨),836,"
1
9
11
14
26
28
",19
836,(2018년 12월 15일 추첨),837,"
2
25
28
30
33
45
",6
837,(2018년 12월 22일 추첨),838,"
9
14
17
33
36
38
",20
838,(2018년 12월 29일 추첨),839,"
3
9
11
12
13
19
",35
839,(2019년 01월 05일 추첨),840,"
2
4
11
28
29
43
",27
840,(2019년 01월 12일 추첨),841,"
5
11
14
30
33
38
",24
841,(2019년 01월 19일 추첨),842,"
14
26
32
36
39
42
",38
842,(2019년 01월 26일 추첨),843,"
19
21
30
33
34
42
",4
843,(2019년 02월 02일 추첨),844,"
7
8
13
15
33
45
",18
844,(2019년 02월 09일 추첨),845,"
1
16
29
33
40
45
",6
845,(2019년 02월 16일 추첨),846,"
5
18
30
41
43
45
",13
846,(2019년 02월 23일 추첨),847,"
12
16
26
28
30
42
",22
847,(2019년 03월 02일 추첨),848,"
1
2
16
22
38
39
",34
848,(2019년 03월 09일 추첨),849,"
5
13
17
29
34
39
",3
849,(2019년 03월 16일 추첨),850,"
16
20
24
28
36
39
",5
850,(2019년 03월 23일 추첨),851,"
14
18
22
26
31
44
",40
851,(2019년 03월 30일 추첨),852,"
11
17
28
30
33
35
",9
852,(2019년 04월 06일 추첨),853,"
2
8
23
26
27
44
",13
853,(2019년 04월 13일 추첨),854,"
20
25
31
32
36
43
",3
854,(2019년 04월 20일 추첨),855,"
8
15
17
19
43
44
",7
855,(2019년 04월 27일 추첨),856,"
10
24
40
41
43
44
",17
856,(2019년 05월 04일 추첨),857,"
6
10
16
28
34
38
",43
857,(2019년 05월 11일 추첨),858,"
9
13
32
38
39
43
",23
858,(2019년 05월 18일 추첨),859,"
8
22
35
38
39
41
",24
859,(2019년 05월 25일 추첨),860,"
4
8
18
25
27
32
",42
860,(2019년 06월 01일 추첨),861,"
11
17
19
21
22
25
",24
861,(2019년 06월 08일 추첨),862,"
10
34
38
40
42
43
",32
862,(2019년 06월 15일 추첨),863,"
16
21
28
35
39
43
",12
863,(2019년 06월 22일 추첨),864,"
3
7
10
13
25
36
",32
864,(2019년 06월 29일 추첨),865,"
3
15
22
32
33
45
",2
865,(2019년 07월 06일 추첨),866,"
9
15
29
34
37
39
",12
866,(2019년 07월 13일 추첨),867,"
14
17
19
22
24
40
",41
867,(2019년 07월 20일 추첨),868,"
12
17
28
41
43
44
",25
868,(2019년 07월 27일 추첨),869,"
2
6
20
27
37
39
",4
869,(2019년 08월 03일 추첨),870,"
21
25
30
32
40
42
",31
870,(2019년 08월 10일 추첨),871,"
2
6
12
26
30
34
",38
871,(2019년 08월 17일 추첨),872,"
2
4
30
32
33
43
",29
872,(2019년 08월 24일 추첨),873,"
3
5
12
13
33
39
",38
873,(2019년 08월 31일 추첨),874,"
1
15
19
23
28
42
",32
874,(2019년 09월 07일 추첨),875,"
19
22
30
34
39
44
",36
875,(2019년 09월 14일 추첨),876,"
5
16
21
26
34
42
",24
876,(2019년 09월 21일 추첨),877,"
5
17
18
22
23
43
",12
877,(2019년 09월 28일 추첨),878,"
2
6
11
16
25
31
",3
878,(2019년 10월 05일 추첨),879,"
1
4
10
14
15
35
",20
879,(2019년 10월 12일 추첨),880,"
7
17
19
23
24
45
",38
880,(2019년 10월 19일 추첨),881,"
4
18
20
26
27
32
",9
881,(2019년 10월 26일 추첨),882,"
18
34
39
43
44
45
",23
882,(2019년 11월 02일 추첨),883,"
9
18
32
33
37
44
",22
883,(2019년 11월 09일 추첨),884,"
4
14
23
28
37
45
",17
884,(2019년 11월 16일 추첨),885,"
1
3
24
27
39
45
",31
885,(2019년 11월 23일 추첨),886,"
19
23
28
37
42
45
",2
886,(2019년 11월 30일 추첨),887,"
8
14
17
27
36
45
",10
887,(2019년 12월 07일 추첨),888,"
3
7
12
31
34
38
",32
888,(2019년 12월 14일 추첨),889,"
3
13
29
38
39
42
",26
889,(2019년 12월 21일 추첨),890,"
1
4
14
18
29
37
",6
890,(2019년 12월 28일 추첨),891,"
9
13
28
31
39
41
",19
891,(2020년 01월 04일 추첨),892,"
4
9
17
18
26
42
",36
892,(2020년 01월 11일 추첨),893,"
1
15
17
23
25
41
",10
893,(2020년 01월 18일 추첨),894,"
19
32
37
40
41
43
",45
894,(2020년 01월 25일 추첨),895,"
16
26
31
38
39
41
",23
895,(2020년 02월 01일 추첨),896,"
5
12
25
26
38
45
",23
896,(2020년 02월 08일 추첨),897,"
6
7
12
22
26
36
",29
897,(2020년 02월 15일 추첨),898,"
18
21
28
35
37
42
",17
898,(2020년 02월 22일 추첨),899,"
8
19
20
21
33
39
",37
899,(2020년 02월 29일 추첨),900,"
7
13
16
18
35
38
",14
900,(2020년 03월 07일 추첨),901,"
5
18
20
23
30
34
",21
901,(2020년 03월 14일 추첨),902,"
7
19
23
24
36
39
",30
902,(2020년 03월 21일 추첨),903,"
2
15
16
21
22
28
",45
903,(2020년 03월 28일 추첨),904,"
2
6
8
26
43
45
",11
904,(2020년 04월 04일 추첨),905,"
3
4
16
27
38
40
",20
905,(2020년 04월 11일 추첨),906,"
2
5
14
28
31
32
",20
906,(2020년 04월 18일 추첨),907,"
21
27
29
38
40
44
",37
907,(2020년 04월 25일 추첨),908,"
3
16
21
22
23
44
",30
908,(2020년 05월 02일 추첨),909,"
7
24
29
30
34
35
",33
909,(2020년 05월 09일 추첨),910,"
1
11
17
27
35
39
",31
910,(2020년 05월 16일 추첨),911,"
4
5
12
14
32
42
",35
911,(2020년 05월 23일 추첨),912,"
5
8
18
21
22
38
",10
912,(2020년 05월 30일 추첨),913,"
6
14
16
21
27
37
",40
913,(2020년 06월 06일 추첨),914,"
16
19
24
33
42
44
",27
914,(2020년 06월 13일 추첨),915,"
2
6
11
13
22
37
",14
915,(2020년 06월 20일 추첨),916,"
6
21
22
32
35
36
",17
916,(2020년 06월 27일 추첨),917,"
1
3
23
24
27
43
",34
917,(2020년 07월 04일 추첨),918,"
7
11
12
31
33
38
",5
918,(2020년 07월 11일 추첨),919,"
9
14
17
18
42
44
",35
919,(2020년 07월 18일 추첨),920,"
2
3
26
33
34
43
",29
920,(2020년 07월 25일 추첨),921,"
5
7
12
22
28
41
",1
921,(2020년 08월 01일 추첨),922,"
2
6
13
17
27
43
",36
922,(2020년 08월 08일 추첨),923,"
3
17
18
23
36
41
",26
923,(2020년 08월 15일 추첨),924,"
3
11
34
42
43
44
",13
924,(2020년 08월 22일 추첨),925,"
13
24
32
34
39
42
",4
925,(2020년 08월 29일 추첨),926,"
10
16
18
20
25
31
",6
926,(2020년 09월 05일 추첨),927,"
4
15
22
38
41
43
",26
927,(2020년 09월 12일 추첨),928,"
3
4
10
20
28
44
",30
928,(2020년 09월 19일 추첨),929,"
7
9
12
15
19
23
",4
929,(2020년 09월 26일 추첨),930,"
8
21
25
38
39
44
",28
930,(2020년 10월 03일 추첨),931,"
14
15
23
25
35
43
",32
931,(2020년 10월 10일 추첨),932,"
1
6
15
36
37
38
",5
932,(2020년 10월 17일 추첨),933,"
23
27
29
31
36
45
",37
933,(2020년 10월 24일 추첨),934,"
1
3
30
33
36
39
",12
934,(2020년 10월 31일 추첨),935,"
4
10
20
32
38
44
",18
935,(2020년 11월 07일 추첨),936,"
7
11
13
17
18
29
",43
